{
  "AAA": 0.8888888888888888,
  "AAC": 0.8888888888888888,
  "AAG": 0.8888888888888888,
  "AAT": 0.8888888888888888,
  "ACA": 0.6666666666666666,
  "ACC": 0.6666666666666666,
  "ACG": 0.6666666666666666,
  "ACT": 0.6666666666666666,
  "AGA": 0.7777777777777778,
  "AGC": 0.8888888888888888,
  "AGG": 0.7777777777777778,
  "AGT": 0.8888888888888888,
  "ATA": 0.7777777777777778,
  "ATC": 0.7777777777777778,
  "ATG": 1.0,
  "ATT": 0.7777777777777778,
  "CAA": 0.8888888888888888,
  "CAC": 0.8888888888888888,
  "CAG": 0.8888888888888888,
  "CAT": 0.8888888888888888,
  "CCA": 0.6666666666666666,
  "CCC": 0.6666666666666666,
  "CCG": 0.6666666666666666,
  "CCT": 0.6666666666666666,
  "CGA": 0.5555555555555556,
  "CGC": 0.6666666666666666,
  "CGG": 0.5555555555555556,
  "CGT": 0.6666666666666666,
  "CTA": 0.5555555555555556,
  "CTC": 0.6666666666666666,
  "CTG": 0.5555555555555556,
  "CTT": 0.6666666666666666,
  "GAA": 0.8888888888888888,
  "GAC": 0.8888888888888888,
  "GAG": 0.8888888888888888,
  "GAT": 0.8888888888888888,
  "GCA": 0.6666666666666666,
  "GCC": 0.6666666666666666,
  "GCG": 0.6666666666666666,
  "GCT": 0.6666666666666666,
  "GGA": 0.6666666666666666,
  "GGC": 0.6666666666666666,
  "GGG": 0.6666666666666666,
  "GGT": 0.6666666666666666,
  "GTA": 0.6666666666666666,
  "GTC": 0.6666666666666666,
  "GTG": 0.6666666666666666,
  "GTT": 0.6666666666666666,
  "TAA": 0.7777777777777778,
  "TAC": 0.8888888888888888,
  "TAG": 0.8888888888888888,
  "TAT": 0.8888888888888888,
  "TCA": 0.6666666666666666,
  "TCC": 0.6666666666666666,
  "TCG": 0.6666666666666666,
  "TCT": 0.6666666666666666,
  "TGA": 0.8888888888888888,
  "TGC": 0.8888888888888888,
  "TGG": 1.0,
  "TGT": 0.8888888888888888,
  "TTA": 0.7777777777777778,
  "TTC": 0.8888888888888888,
  "TTG": 0.7777777777777778,
  "TTT": 0.8888888888888888
}